resort_name,price,rateing,discription,links
,,,,
Licensed 2 bedroom apt. with unique outdoor space,"â‚¹2,999
/ night",5.0,4 guests Â· 2 bedrooms Â· 4 beds Â· 2 bathrooms,https://www.airbnb.co.in/rooms/39593709?previous_page_section_name=1000&translate_ugc=false&federated_search_id=0af533f0-686d-496c-ad96-5bf2912834d6
Striking Penthouse With Private Plunge Pool,"â‚¹11,143
/ night",4.93,2 guests Â· 1 bedroom Â· 1 bed Â· 1.5 bathrooms,https://www.airbnb.co.in/rooms/40070406?previous_page_section_name=1000&translate_ugc=false&federated_search_id=0af533f0-686d-496c-ad96-5bf2912834d6
Kimaya Suite- Luxury 2 Bedroom Apartment With Pool,"â‚¹944
/ night",4.85,4 guests Â· 2 bedrooms Â· 2 beds Â· 2 bathrooms,https://www.airbnb.co.in/rooms/44514382?previous_page_section_name=1000&translate_ugc=false&federated_search_id=0af533f0-686d-496c-ad96-5bf2912834d6
Luxury Sea View Apartment At Dona Paula!!,"â‚¹5,680
/ night",4.76,4 guests Â· 2 bedrooms Â· 2 beds Â· 3 bathrooms,https://www.airbnb.co.in/rooms/32086143?previous_page_section_name=1000&translate_ugc=false&federated_search_id=0af533f0-686d-496c-ad96-5bf2912834d6
Cozy AC Apartment with Kitchen near Baga Beach,"â‚¹1,294
/ night",4.78,2 guests Â· 1 bedroom Â· 1 bed Â· 1 bathroom,https://www.airbnb.co.in/rooms/31613905?previous_page_section_name=1000&translate_ugc=false&federated_search_id=0af533f0-686d-496c-ad96-5bf2912834d6
Lavish Sea View Apartment!!,"â‚¹6,085
/ night",4.89,6 guests Â· 2 bedrooms Â· 6 beds Â· 3.5 bathrooms,https://www.airbnb.co.in/rooms/30622310?previous_page_section_name=1000&translate_ugc=false&federated_search_id=0af533f0-686d-496c-ad96-5bf2912834d6
2 Bedrooms Boutique Flat Near Baga Beach by Hottly,"â‚¹2,107
/ night",no rating,6 guests Â· 2 bedrooms Â· 2 beds Â· 3 bathrooms,https://www.airbnb.co.in/rooms/50837888?previous_page_section_name=1000&translate_ugc=false&federated_search_id=0af533f0-686d-496c-ad96-5bf2912834d6
1BHK-2/WiFi/AC/Powr BackUp Candolim Beach Homestay,"â‚¹799
/ night",4.98,4 guests Â· 1 bedroom Â· 1 bed Â· 1 bathroom,https://www.airbnb.co.in/rooms/45968872?previous_page_section_name=1000&translate_ugc=false&federated_search_id=0af533f0-686d-496c-ad96-5bf2912834d6
Luxury Dream Penthouse With a Private Plunge Pool,"â‚¹6,946
/ night",4.71,6 guests Â· 3 bedrooms Â· 3 beds Â· 3 bathrooms,https://www.airbnb.co.in/rooms/37165500?previous_page_section_name=1000&translate_ugc=false&federated_search_id=0af533f0-686d-496c-ad96-5bf2912834d6
Grand - Sea cliff - cottage in South Goa,"â‚¹4,494
/ night",no rating,2 guests Â· 1 bedroom Â· 1 bed Â· 1 private bathroom,https://www.airbnb.co.in/rooms/34911705?previous_page_section_name=1000&translate_ugc=false&federated_search_id=0af533f0-686d-496c-ad96-5bf2912834d6
Charming 1BR With POOL Nr Anjuna Vagator Beach,"â‚¹1,399
/ night",4.94,5 guests Â· 1 bedroom Â· 3 beds Â· 1 bathroom,https://www.airbnb.co.in/rooms/40816567?previous_page_section_name=1000&translate_ugc=false&federated_search_id=0af533f0-686d-496c-ad96-5bf2912834d6
Dream catcher 3 bedroom luxury villa,"â‚¹15,929
/ night",4.81,8 guests Â· 3 bedrooms Â· 4 beds Â· 3 bathrooms,https://www.airbnb.co.in/rooms/33797124?previous_page_section_name=1000&translate_ugc=false&federated_search_id=0af533f0-686d-496c-ad96-5bf2912834d6
Boho chic YELLOW ROOM mountain view & fast wifi,"â‚¹929
/ night",4.92,3 guests Â· 1 bedroom Â· 1 bed Â· 1 private bathroom,https://www.airbnb.co.in/rooms/47128901?previous_page_section_name=1000&translate_ugc=false&federated_search_id=0af533f0-686d-496c-ad96-5bf2912834d6
STELLAR ASSAGAO 3BHK VILLA CLOSE TO ANJUNA VAGATOR,"â‚¹18,557
/ night",4.83,6 guests Â· 3 bedrooms Â· 3 beds Â· 3.5 bathrooms,https://www.airbnb.co.in/rooms/38209684?previous_page_section_name=1000&translate_ugc=false&federated_search_id=0af533f0-686d-496c-ad96-5bf2912834d6
Forest view 1bhk,"â‚¹1,047
/ night",4.86,4 guests Â· 1 bedroom Â· 2 beds Â· 1 bathroom,https://www.airbnb.co.in/rooms/36890849?previous_page_section_name=1000&translate_ugc=false&federated_search_id=0af533f0-686d-496c-ad96-5bf2912834d6
VILLA HILLVIEW(2bhk)with fast speed internet,"â‚¹2,803
/ night",4.87,6 guests Â· 2 bedrooms Â· 2 beds Â· 2 bathrooms,https://www.airbnb.co.in/rooms/22557353?previous_page_section_name=1000&translate_ugc=false&federated_search_id=0af533f0-686d-496c-ad96-5bf2912834d6
Amazing Infinity Pool Sea View! - 1 BHK by Kabella,"â‚¹1,764
/ night",4.83,4 guests Â· 1 bedroom Â· 4 beds Â· 1 bathroom,https://www.airbnb.co.in/rooms/39964558?previous_page_section_name=1000&translate_ugc=false&federated_search_id=0af533f0-686d-496c-ad96-5bf2912834d6
Candolim Paradise Luxury 1bhk North Goa,"â‚¹1,001
/ night",4.75,4 guests Â· 1 bedroom Â· 1 bed Â· 1 bathroom,https://www.airbnb.co.in/rooms/48000843?previous_page_section_name=1000&translate_ugc=false&federated_search_id=0af533f0-686d-496c-ad96-5bf2912834d6
The Fern: Artsy 1BHK | close to the beach|Fully AC,"â‚¹2,200
/ night",4.72,3 guests Â· 1 bedroom Â· 1 bed Â· 1 bathroom,https://www.airbnb.co.in/rooms/39581465?previous_page_section_name=1000&translate_ugc=false&federated_search_id=0af533f0-686d-496c-ad96-5bf2912834d6
Private Pool villa - Chapora- 10min from beach,"â‚¹13,800
/ night",no rating,5 guests Â· 2 bedrooms Â· 2 beds Â· 2 bathrooms,https://www.airbnb.co.in/rooms/46647480?previous_page_section_name=1000&translate_ugc=false&federated_search_id=0af533f0-686d-496c-ad96-5bf2912834d6
AWESOME 1BHK NR ANJUNA & VAGATOR BEACH,"â‚¹1,142
/ night",4.63,4 guests Â· 1 bedroom Â· 3 beds Â· 1 bathroom,https://www.airbnb.co.in/rooms/45908418?previous_page_section_name=1000&translate_ugc=false&federated_search_id=4bf8b677-ae30-4b4c-aced-87a51d666b14
Plush Penthouse With Private Plunge Pool,"â‚¹11,071
/ night",4.87,2 guests Â· 1 bedroom Â· 1 bed Â· 1.5 bathrooms,https://www.airbnb.co.in/rooms/40073402?previous_page_section_name=1000&translate_ugc=false&federated_search_id=4bf8b677-ae30-4b4c-aced-87a51d666b14
"Casa Sea-Esta, Beach view studio apt - Dona Paula","â‚¹1,200
/ night",4.62,3 guests Â· Studio Â· 1 bed Â· 1 bathroom,https://www.airbnb.co.in/rooms/34160311?previous_page_section_name=1000&translate_ugc=false&federated_search_id=4bf8b677-ae30-4b4c-aced-87a51d666b14
Xavier's Guest House Deluxe Room,"â‚¹999
/ night",4.89,2 guests Â· 1 bedroom Â· 1 bed Â· 1 private bathroom,https://www.airbnb.co.in/rooms/39852455?previous_page_section_name=1000&translate_ugc=false&federated_search_id=4bf8b677-ae30-4b4c-aced-87a51d666b14
Modern & well-equipped Apt. 7 mins to the beach,"â‚¹1,090
/ night",4.77,2 guests Â· 1 bedroom Â· 1 bed Â· 1 bathroom,https://www.airbnb.co.in/rooms/33447035?previous_page_section_name=1000&translate_ugc=false&federated_search_id=4bf8b677-ae30-4b4c-aced-87a51d666b14
Beautiful Duplex Two Bedroom Apartment 1208,"â‚¹1,499
/ night",4.95,6 guests Â· 2 bedrooms Â· 2 beds Â· 2 bathrooms,https://www.airbnb.co.in/rooms/46910894?previous_page_section_name=1000&translate_ugc=false&federated_search_id=4bf8b677-ae30-4b4c-aced-87a51d666b14
Peaceful Hill Stay 1BHK for ğŸ‘«Couples,"â‚¹900
/ night",4.92,2 guests Â· 1 bedroom Â· 1 bed Â· 1 bathroom,https://www.airbnb.co.in/rooms/47219407?previous_page_section_name=1000&translate_ugc=false&federated_search_id=4bf8b677-ae30-4b4c-aced-87a51d666b14
Unique Green Studio apartment in Reis Magos,"â‚¹4,025
/ night",4.60,2 guests Â· 1 bedroom Â· 1 bed Â· 1 bathroom,https://www.airbnb.co.in/rooms/40514889?previous_page_section_name=1000&translate_ugc=false&federated_search_id=4bf8b677-ae30-4b4c-aced-87a51d666b14
Exquisite 2BHK PoolView Flat in Anjuna Vagator,"â‚¹3,785
/ night",5.0,4 guests Â· 2 bedrooms Â· 2 beds Â· 2 bathrooms,https://www.airbnb.co.in/rooms/46186764?previous_page_section_name=1000&translate_ugc=false&federated_search_id=4bf8b677-ae30-4b4c-aced-87a51d666b14
1BHK-4 Power Backup AC Wi-Fi Home @ Candolim Beach,"â‚¹930
/ night",5.0,4 guests Â· 1 bedroom Â· 1 bed Â· 1 bathroom,https://www.airbnb.co.in/rooms/47043264?previous_page_section_name=1000&translate_ugc=false&federated_search_id=4bf8b677-ae30-4b4c-aced-87a51d666b14
2 BR With Common Pool / Wifi / TV / Vagator,"â‚¹1,928
/ night",no rating,6 guests Â· 2 bedrooms Â· 3 beds Â· 2 bathrooms,https://www.airbnb.co.in/rooms/50818805?previous_page_section_name=1000&translate_ugc=false&federated_search_id=4bf8b677-ae30-4b4c-aced-87a51d666b14
Xavier's Guest House Standard Classic Room,"â‚¹899
/ night",4.85,2 guests Â· 1 bedroom Â· 2 beds Â· 1 bathroom,https://www.airbnb.co.in/rooms/39986130?previous_page_section_name=1000&translate_ugc=false&federated_search_id=4bf8b677-ae30-4b4c-aced-87a51d666b14
"1BR BLUEWHITE SUITE w POOL, GYM & TT nr BAGA BEACH","â‚¹1,495
/ night",4.78,4 guests Â· 1 bedroom Â· 3 beds Â· 1 bathroom,https://www.airbnb.co.in/rooms/39128660?previous_page_section_name=1000&translate_ugc=false&federated_search_id=4bf8b677-ae30-4b4c-aced-87a51d666b14
Bay Terrace villa W/ pool and oceanview.,"â‚¹16,100
/ night",no rating,9 guests Â· 3 bedrooms Â· 3 beds Â· 3 bathrooms,https://www.airbnb.co.in/rooms/47205205?previous_page_section_name=1000&translate_ugc=false&federated_search_id=4bf8b677-ae30-4b4c-aced-87a51d666b14
"TBK VILLA10,5 mins vagator beach,Pvt pool &jacuzzi","â‚¹14,786
/ night",4.89,9 guests Â· 3 bedrooms Â· 3 beds Â· 3 bathrooms,https://www.airbnb.co.in/rooms/31107566?previous_page_section_name=1000&translate_ugc=false&federated_search_id=4bf8b677-ae30-4b4c-aced-87a51d666b14
A Luxury 3BHK Duplex Apartment with a Private Pool,"â‚¹7,586
/ night",5.0,6 guests Â· 3 bedrooms Â· 3 beds Â· 3 bathrooms,https://www.airbnb.co.in/rooms/45281981?previous_page_section_name=1000&translate_ugc=false&federated_search_id=4bf8b677-ae30-4b4c-aced-87a51d666b14
1BHK Apt Off Calangute Main Rd Close to Beach ğŸ–ï¸,"â‚¹1,102
/ night",4.74,5 guests Â· 1 bedroom Â· 1 bed Â· 1 bathroom,https://www.airbnb.co.in/rooms/24479276?previous_page_section_name=1000&translate_ugc=false&federated_search_id=4bf8b677-ae30-4b4c-aced-87a51d666b14
"Serendipity Calls, Calangute","â‚¹1,357
/ night",4.86,2 guests Â· 1 bedroom Â· 1 bed Â· 1.5 bathrooms,https://www.airbnb.co.in/rooms/30699054?previous_page_section_name=1000&translate_ugc=false&federated_search_id=4bf8b677-ae30-4b4c-aced-87a51d666b14
Luxurious Apartment with a Pool near Candolim,"â‚¹2,429
/ night",4.70,4 guests Â· 1 bedroom Â· 2 beds Â· 1 bathroom,https://www.airbnb.co.in/rooms/45576302?previous_page_section_name=1000&translate_ugc=false&federated_search_id=4bf8b677-ae30-4b4c-aced-87a51d666b14
"Stylish Apartment strong Wifi, daily HK","â‚¹5,750
/ night",5.0,6 guests Â· 2 bedrooms Â· 2 beds Â· 2 bathrooms,https://www.airbnb.co.in/rooms/42956215?previous_page_section_name=1000&translate_ugc=false&federated_search_id=4bf8b677-ae30-4b4c-aced-87a51d666b14
Luxurious Apartment with a Pool near Candolim,"â‚¹2,234
/ night",4.68,4 guests Â· 1 bedroom Â· 2 beds Â· 1 bathroom,https://www.airbnb.co.in/rooms/45500644?previous_page_section_name=1000&translate_ugc=false&federated_search_id=b07612f2-21f1-41d1-87bf-707d18289213
2BHK Duplex wt Terrace at CandolimğŸ–Beach,"â‚¹1,986
/ night",4.55,4 guests Â· 2 bedrooms Â· 4 beds Â· 2 bathrooms,https://www.airbnb.co.in/rooms/44303293?previous_page_section_name=1000&translate_ugc=false&federated_search_id=b07612f2-21f1-41d1-87bf-707d18289213
Elegant apartment with Netflix and private garden,"â‚¹5,750
/ night",4.46,6 guests Â· 2 bedrooms Â· 3 beds Â· 2 bathrooms,https://www.airbnb.co.in/rooms/40409046?previous_page_section_name=1000&translate_ugc=false&federated_search_id=b07612f2-21f1-41d1-87bf-707d18289213
Cozy Cottage very close to South Anjuna Beach,"â‚¹1,650
/ night",4.91,3 guests Â· 1 bedroom Â· 1 bed Â· 1 bathroom,https://www.airbnb.co.in/rooms/30031881?previous_page_section_name=1000&translate_ugc=false&federated_search_id=b07612f2-21f1-41d1-87bf-707d18289213
1BHK-1 Nr Candolim Beach AC Wi-Fi Holiday Home,"â‚¹1,004
/ night",4.91,4 guests Â· 1 bedroom Â· 1 bed Â· 1 bathroom,https://www.airbnb.co.in/rooms/42731555?previous_page_section_name=1000&translate_ugc=false&federated_search_id=b07612f2-21f1-41d1-87bf-707d18289213
"Artist Cottages, Morjim Beach, Goa","â‚¹3,999
/ night",4.88,2 guests Â· 1 bedroom Â· 1 bed Â· 1 private bathroom,https://www.airbnb.co.in/rooms/39513608?previous_page_section_name=1000&translate_ugc=false&federated_search_id=b07612f2-21f1-41d1-87bf-707d18289213
Maya - 1 BHK fully furnished apartment @ Ashvem,"â‚¹1,000
/ night",no rating,4 guests Â· 1 bedroom Â· 2 beds Â· 2 bathrooms,https://www.airbnb.co.in/rooms/46146234?previous_page_section_name=1000&translate_ugc=false&federated_search_id=b07612f2-21f1-41d1-87bf-707d18289213
Designer Studio amidst lush greenery in Reis Magos,"â‚¹4,025
/ night",4.73,2 guests Â· 1 bedroom Â· 1 bed Â· 1 bathroom,https://www.airbnb.co.in/rooms/40491755?previous_page_section_name=1000&translate_ugc=false&federated_search_id=b07612f2-21f1-41d1-87bf-707d18289213
* BOHO BLUE* pvt bedroom with superfast wifi,"â‚¹850
/ night",4.68,3 guests Â· 1 bedroom Â· 1 bed Â· 1 private bathroom,https://www.airbnb.co.in/rooms/47569313?previous_page_section_name=1000&translate_ugc=false&federated_search_id=b07612f2-21f1-41d1-87bf-707d18289213
"1BR LUXURY STUDIO w Pool , Gym & TT Near BAGA","â‚¹992
/ night",4.64,4 guests Â· 1 bedroom Â· 0 beds Â· 1 bathroom,https://www.airbnb.co.in/rooms/39219148?previous_page_section_name=1000&translate_ugc=false&federated_search_id=b07612f2-21f1-41d1-87bf-707d18289213
LA QUINTA 3@ PLACE LIKE YOUR HOME (50 MBPS),"â‚¹1,450
/ night",no rating,5 guests Â· 1 bedroom Â· 3 beds Â· 1 bathroom,https://www.airbnb.co.in/rooms/48408709?previous_page_section_name=1000&translate_ugc=false&federated_search_id=b07612f2-21f1-41d1-87bf-707d18289213
SEA VIEW ROOM 4 With A Private Balcony DONA PAULA,"â‚¹1,800
/ night",4.61,3 guests Â· 1 bedroom Â· 1 bed Â· 1.5 bathrooms,https://www.airbnb.co.in/rooms/42265935?previous_page_section_name=1000&translate_ugc=false&federated_search_id=b07612f2-21f1-41d1-87bf-707d18289213
2BHK with Lush green Garden View,"â‚¹2,700
/ night",no rating,6 guests Â· 2 bedrooms Â· 2 beds Â· 2 bathrooms,https://www.airbnb.co.in/rooms/45050321?previous_page_section_name=1000&translate_ugc=false&federated_search_id=b07612f2-21f1-41d1-87bf-707d18289213
"Peaceful & Homely Rooms Free Breakfast, A/C, WiFi","â‚¹943
/ night",4.80,2 guests Â· 1 bedroom Â· 1 bed Â· 1 private bathroom,https://www.airbnb.co.in/rooms/47263151?previous_page_section_name=1000&translate_ugc=false&federated_search_id=b07612f2-21f1-41d1-87bf-707d18289213
Sea View Luxury Villa W/ Two Infinity Pools,"â‚¹14,990
/ night",no rating,6 guests Â· 3 bedrooms Â· 3 beds Â· 3 bathrooms,https://www.airbnb.co.in/rooms/49895734?previous_page_section_name=1000&translate_ugc=false&federated_search_id=b07612f2-21f1-41d1-87bf-707d18289213
"Sky Villa, Private Terrace Garden & Common Pool","â‚¹7,000
/ night",4.95,4 guests Â· 2 bedrooms Â· 2 beds Â· 2.5 bathrooms,https://www.airbnb.co.in/rooms/39517790?previous_page_section_name=1000&translate_ugc=false&federated_search_id=b07612f2-21f1-41d1-87bf-707d18289213
Riviera Sapphire Studio Apartment,"â‚¹1,799
/ night",4.86,3 guests Â· Studio Â· 2 beds Â· 1 bathroom,https://www.airbnb.co.in/rooms/45356502?previous_page_section_name=1000&translate_ugc=false&federated_search_id=b07612f2-21f1-41d1-87bf-707d18289213
1BHK/GF-WiFi-2AC-PowerBackUp-kitchen-washingmachin,"â‚¹1,289
/ night",5.0,4 guests Â· 1 bedroom Â· 3 beds Â· 1 bathroom,https://www.airbnb.co.in/rooms/48478800?previous_page_section_name=1000&translate_ugc=false&federated_search_id=b07612f2-21f1-41d1-87bf-707d18289213
Luxurious Apartment with a Pool near Candolim,"â‚¹2,429
/ night",4.71,4 guests Â· 1 bedroom Â· 2 beds Â· 1 bathroom,https://www.airbnb.co.in/rooms/46458141?previous_page_section_name=1000&translate_ugc=false&federated_search_id=b07612f2-21f1-41d1-87bf-707d18289213
Casa Oceanara 2Room seaview studio private terrace,"â‚¹1,560
/ night",4.58,4 guests Â· 2 bedrooms Â· 2 beds Â· 1 bathroom,https://www.airbnb.co.in/rooms/45213959?previous_page_section_name=1000&translate_ugc=false&federated_search_id=b07612f2-21f1-41d1-87bf-707d18289213
Luxury Studio N. Goa (only couples),"â‚¹1,300
/ night",4.57,2 guests Â· Studio Â· 1 bed Â· 1 bathroom,https://www.airbnb.co.in/rooms/7251420?previous_page_section_name=1000&translate_ugc=false&federated_search_id=2c61e0e9-0053-46dd-8e72-88b1f124cfc3
Designer Penthouse+Private Terrace | 2min to Beach,"â‚¹3,800
/ night",5.0,6 guests Â· 2 bedrooms Â· 2 beds Â· 2.5 bathrooms,https://www.airbnb.co.in/rooms/49156869?previous_page_section_name=1000&translate_ugc=false&federated_search_id=2c61e0e9-0053-46dd-8e72-88b1f124cfc3
2BHK/2Bath/Wi-Fi Nr Candolim Beach AC Holiday Home,"â‚¹1,206
/ night",4.85,8 guests Â· 2 bedrooms Â· 4 beds Â· 2 bathrooms,https://www.airbnb.co.in/rooms/33211665?previous_page_section_name=1000&translate_ugc=false&federated_search_id=2c61e0e9-0053-46dd-8e72-88b1f124cfc3
1 BHK Luxury Apartment @ Riviera,"â‚¹1,097
/ night",4.81,3 guests Â· 1 bedroom Â· 1 bed Â· 1 bathroom,https://www.airbnb.co.in/rooms/14089244?previous_page_section_name=1000&translate_ugc=false&federated_search_id=2c61e0e9-0053-46dd-8e72-88b1f124cfc3
Luxurious Apartment with a Pool near Candolim,"â‚¹2,429
/ night",4.40,4 guests Â· 1 bedroom Â· 2 beds Â· 1 bathroom,https://www.airbnb.co.in/rooms/45728509?previous_page_section_name=1000&translate_ugc=false&federated_search_id=2c61e0e9-0053-46dd-8e72-88b1f124cfc3
1BHK-3âœ“GFâœ“2ACâœ“WiFiâœ“WFHâœ“BackUpâœ“Candolim,"â‚¹983
/ night",4.47,4 guests Â· 1 bedroom Â· 1 bed Â· 1 bathroom,https://www.airbnb.co.in/rooms/46704205?previous_page_section_name=1000&translate_ugc=false&federated_search_id=2c61e0e9-0053-46dd-8e72-88b1f124cfc3
Margarita Villa with Your Cool Pool Patio & Garden,"â‚¹7,450
/ night",4.86,6 guests Â· 2 bedrooms Â· 3 beds Â· 2.5 bathrooms,https://www.airbnb.co.in/rooms/21521459?previous_page_section_name=1000&translate_ugc=false&federated_search_id=2c61e0e9-0053-46dd-8e72-88b1f124cfc3
Luxury 2BR Family Apartment Fast Wifi Near Baga,"â‚¹1,985
/ night",4.93,6 guests Â· 2 bedrooms Â· 2 beds Â· 2 bathrooms,https://www.airbnb.co.in/rooms/36710175?previous_page_section_name=1000&translate_ugc=false&federated_search_id=2c61e0e9-0053-46dd-8e72-88b1f124cfc3
Resort Palmeiras Dourado Budget Room,"â‚¹1,500
/ night",no rating,2 guests Â· Studio Â· 2 beds Â· 1 bathroom,https://www.airbnb.co.in/rooms/29224058?previous_page_section_name=1000&translate_ugc=false&federated_search_id=2c61e0e9-0053-46dd-8e72-88b1f124cfc3
â¤Elegant 1BHK With High Speed Wi-Fi In Candolimâ¤,"â‚¹1,316
/ night",5.0,4 guests Â· 1 bedroom Â· 2 beds Â· 1 bathroom,https://www.airbnb.co.in/rooms/46862003?previous_page_section_name=1000&translate_ugc=false&federated_search_id=2c61e0e9-0053-46dd-8e72-88b1f124cfc3
LA QUINTA 1@PLACE LIKE YOUR HOME,"â‚¹1,657
/ night",4.57,5 guests Â· 1 bedroom Â· 1 bed Â· 1 bathroom,https://www.airbnb.co.in/rooms/32885011?previous_page_section_name=1000&translate_ugc=false&federated_search_id=2c61e0e9-0053-46dd-8e72-88b1f124cfc3
Cute Riverside Cottage 2 Mins to Morjim Beach,"â‚¹1,450
/ night",4.91,3 guests Â· 1 bedroom Â· 1 bed Â· 1 private bathroom,https://www.airbnb.co.in/rooms/47805082?previous_page_section_name=1000&translate_ugc=false&federated_search_id=2c61e0e9-0053-46dd-8e72-88b1f124cfc3
VILLA DREAM Spacious 1BHK At Luisa By The Sea,"â‚¹3,000
/ night",5.0,3 guests Â· 1 bedroom Â· 1 bed Â· 1 bathroom,https://www.airbnb.co.in/rooms/46269023?previous_page_section_name=1000&translate_ugc=false&federated_search_id=2c61e0e9-0053-46dd-8e72-88b1f124cfc3
IKSHAAÂ® : LUXURY VILLA W PRIVATE POOL,"â‚¹7,480
/ night",4.98,8 guests Â· 3 bedrooms Â· 4 beds Â· 2 bathrooms,https://www.airbnb.co.in/rooms/17852391?previous_page_section_name=1000&translate_ugc=false&federated_search_id=2c61e0e9-0053-46dd-8e72-88b1f124cfc3
Awesome Studio Apartment Nr Baga Riviera Residency,"â‚¹999
/ night",4.75,2 guests Â· 1 bedroom Â· 1 bed Â· 1 bathroom,https://www.airbnb.co.in/rooms/16007445?previous_page_section_name=1000&translate_ugc=false&federated_search_id=2c61e0e9-0053-46dd-8e72-88b1f124cfc3
Hermitage,"â‚¹1,700
/ night",4.77,4 guests Â· 1 bedroom Â· 1 bed Â· 1 bathroom,https://www.airbnb.co.in/rooms/39792005?previous_page_section_name=1000&translate_ugc=false&federated_search_id=2c61e0e9-0053-46dd-8e72-88b1f124cfc3
Spruce By CasaFlip: 1BHK Apt in Anjuna/Vagator,"â‚¹1,997
/ night",no rating,3 guests Â· 1 bedroom Â· 2 beds Â· 1 bathroom,https://www.airbnb.co.in/rooms/48665631?previous_page_section_name=1000&translate_ugc=false&federated_search_id=2c61e0e9-0053-46dd-8e72-88b1f124cfc3
Sol Avontade (II) - 2BR Suite Villa With Pvt Pool,"â‚¹4,650
/ night",5.0,8 guests Â· 2 bedrooms Â· 2 beds Â· 2 bathrooms,https://www.airbnb.co.in/rooms/46076772?previous_page_section_name=1000&translate_ugc=false&federated_search_id=2c61e0e9-0053-46dd-8e72-88b1f124cfc3
Trendy 2BhK with Private garden - Candolim side,"â‚¹5,750
/ night",4.80,6 guests Â· 2 bedrooms Â· 2 beds Â· 2 bathrooms,https://www.airbnb.co.in/rooms/41277054?previous_page_section_name=1000&translate_ugc=false&federated_search_id=2c61e0e9-0053-46dd-8e72-88b1f124cfc3
"Casa De Fazenda - Farmhouse, Diwar Island","â‚¹2,171
/ night",5.0,4 guests Â· 2 bedrooms Â· 2 beds Â· 1.5 bathrooms,https://www.airbnb.co.in/rooms/36440101?previous_page_section_name=1000&translate_ugc=false&federated_search_id=2c61e0e9-0053-46dd-8e72-88b1f124cfc3
SEA VIEW ROOM 1 With A Private Balcony DONA PAULA,"â‚¹1,814
/ night",4.38,3 guests Â· 1 bedroom Â· 1 bed Â· 1.5 bathrooms,https://www.airbnb.co.in/rooms/46060738?previous_page_section_name=1000&translate_ugc=false&federated_search_id=6f280dab-a2b6-4274-a80d-7f882833bc68
Grand 3bhk Duplex Apartment with a Private Pool!,"â‚¹8,714
/ night",4.76,9 guests Â· 3 bedrooms Â· 4 beds Â· 3 bathrooms,https://www.airbnb.co.in/rooms/30782436?previous_page_section_name=1000&translate_ugc=false&federated_search_id=6f280dab-a2b6-4274-a80d-7f882833bc68
Modern 1BR in a super location with Pool & Gym,"â‚¹3,143
/ night",4.79,4 guests Â· 1 bedroom Â· 2 beds Â· 1 bathroom,https://www.airbnb.co.in/rooms/31955230?previous_page_section_name=1000&translate_ugc=false&federated_search_id=6f280dab-a2b6-4274-a80d-7f882833bc68
Luxurious 2BHK Poolview Apartment in AnjunaVagator,"â‚¹3,999
/ night",5.0,4 guests Â· 2 bedrooms Â· 2 beds Â· 2 bathrooms,https://www.airbnb.co.in/rooms/41056829?previous_page_section_name=1000&translate_ugc=false&federated_search_id=6f280dab-a2b6-4274-a80d-7f882833bc68
Villa Flamingo at luisa by the sea,"â‚¹4,000
/ night",4.97,4 guests Â· 2 bedrooms Â· 2 beds Â· 2 bathrooms,https://www.airbnb.co.in/rooms/37343906?previous_page_section_name=1000&translate_ugc=false&federated_search_id=6f280dab-a2b6-4274-a80d-7f882833bc68
Jacuzzi | Beach Front | Air-con | Free Breakfast,"â‚¹4,480
/ night",4.75,2 guests Â· 1 bedroom Â· 1 bed Â· 1 private bathroom,https://www.airbnb.co.in/rooms/46452229?previous_page_section_name=1000&translate_ugc=false&federated_search_id=6f280dab-a2b6-4274-a80d-7f882833bc68
Cosy Cottage in Calangute,"â‚¹2,500
/ night",4.76,4 guests Â· 1 bedroom Â· 2 beds Â· 1 bathroom,https://www.airbnb.co.in/rooms/8708162?previous_page_section_name=1000&translate_ugc=false&federated_search_id=6f280dab-a2b6-4274-a80d-7f882833bc68
Modern studio apartment in Reis Magos - WIFI,"â‚¹4,411
/ night",no rating,2 guests Â· 1 bedroom Â· 0 beds Â· 1 bathroom,https://www.airbnb.co.in/rooms/48964450?previous_page_section_name=1000&translate_ugc=false&federated_search_id=6f280dab-a2b6-4274-a80d-7f882833bc68
Lawn & pool view,"â‚¹1,300
/ night",no rating,4 guests Â· 1 bedroom Â· 2 beds Â· 1 bathroom,https://www.airbnb.co.in/rooms/50803331?previous_page_section_name=1000&translate_ugc=false&federated_search_id=6f280dab-a2b6-4274-a80d-7f882833bc68
Charming one bedroom apartment Near Candolim beach,"â‚¹2,900
/ night",4.79,4 guests Â· 1 bedroom Â· 3 beds Â· 1 bathroom,https://www.airbnb.co.in/rooms/19633186?previous_page_section_name=1000&translate_ugc=false&federated_search_id=6f280dab-a2b6-4274-a80d-7f882833bc68
Beautiful Modern Fully Furnished 1 Bedroom Aptment,"â‚¹1,095
/ night",4.59,4 guests Â· 1 bedroom Â· 1 bed Â· 1 bathroom,https://www.airbnb.co.in/rooms/12347768?previous_page_section_name=1000&translate_ugc=false&federated_search_id=6f280dab-a2b6-4274-a80d-7f882833bc68
Elegant 2BHK Poolview Apartment in Anjuna Vagator,"â‚¹3,928
/ night",5.0,4 guests Â· 2 bedrooms Â· 2 beds Â· 2 bathrooms,https://www.airbnb.co.in/rooms/40840418?previous_page_section_name=1000&translate_ugc=false&federated_search_id=6f280dab-a2b6-4274-a80d-7f882833bc68
Snazzy Studio Space In Nerul With Infinity Pool,"â‚¹3,990
/ night",4.75,2 guests Â· Studio Â· 1 bed Â· 1.5 bathrooms,https://www.airbnb.co.in/rooms/40214539?previous_page_section_name=1000&translate_ugc=false&federated_search_id=6f280dab-a2b6-4274-a80d-7f882833bc68
Garden Apartment - 12 min from Candolim beach,"â‚¹5,750
/ night",4.50,6 guests Â· 2 bedrooms Â· 2 beds Â· 2 bathrooms,https://www.airbnb.co.in/rooms/38735265?previous_page_section_name=1000&translate_ugc=false&federated_search_id=6f280dab-a2b6-4274-a80d-7f882833bc68
White Casa Villa luxurious 3 Bhk in North Goa,"â‚¹4,928
/ night",4.33,9 guests Â· 3 bedrooms Â· 3 beds Â· 3.5 bathrooms,https://www.airbnb.co.in/rooms/35047340?previous_page_section_name=1000&translate_ugc=false&federated_search_id=6f280dab-a2b6-4274-a80d-7f882833bc68
ğŸ–Splendid 1BHK With Wi-Fi Near Candolim BeachğŸ–,"â‚¹1,329
/ night",4.81,4 guests Â· 1 bedroom Â· 2 beds Â· 1 bathroom,https://www.airbnb.co.in/rooms/29599990?previous_page_section_name=1000&translate_ugc=false&federated_search_id=6f280dab-a2b6-4274-a80d-7f882833bc68
ASTER - 1 Bhk - Candolim,"â‚¹850
/ night",4.40,4 guests Â· 1 bedroom Â· 1 bed Â· 1 bathroom,https://www.airbnb.co.in/rooms/20865476?previous_page_section_name=1000&translate_ugc=false&federated_search_id=6f280dab-a2b6-4274-a80d-7f882833bc68
The beach house,"â‚¹3,000
/ night",4.73,5 guests Â· 2 bedrooms Â· 2 beds Â· 1 bathroom,https://www.airbnb.co.in/rooms/33545701?previous_page_section_name=1000&translate_ugc=false&federated_search_id=6f280dab-a2b6-4274-a80d-7f882833bc68
Casa Noam - Anjuna,"â‚¹3,000
/ night",4.84,6 guests Â· 2 bedrooms Â· 2 beds Â· 3 bathrooms,https://www.airbnb.co.in/rooms/29046812?previous_page_section_name=1000&translate_ugc=false&federated_search_id=6f280dab-a2b6-4274-a80d-7f882833bc68
"Pop Art Suite, Art Themed Apt with Forest View & Swing","â‚¹3,480
/ night",4.97,3 guests Â· 1 bedroom Â· 1 bed Â· 1 bathroom,https://www.airbnb.co.in/rooms/plus/22777762?previous_page_section_name=1000&translate_ugc=false&federated_search_id=6f280dab-a2b6-4274-a80d-7f882833bc68
Cozzy 1 Br with Pool Nr Vagator Beach,"â‚¹2,888
/ night",4.79,5 guests Â· 1 bedroom Â· 3 beds Â· 1 bathroom,https://www.airbnb.co.in/rooms/45587643?previous_page_section_name=1000&translate_ugc=false&federated_search_id=429cd7e0-b2cf-4e6d-9aa5-98dd33cac363
"Quiet & Homely Rooms Free Breakfast, A/C, WiFi","â‚¹957
/ night",5.0,2 guests Â· 1 bedroom Â· 1 bed Â· 1 bathroom,https://www.airbnb.co.in/rooms/50258528?previous_page_section_name=1000&translate_ugc=false&federated_search_id=429cd7e0-b2cf-4e6d-9aa5-98dd33cac363
Young and Cozy 1 BHK Penthouse near Candolim Beach,"â‚¹2,800
/ night",4.85,2 guests Â· 1 bedroom Â· 1 bed Â· 1 bathroom,https://www.airbnb.co.in/rooms/29754178?previous_page_section_name=1000&translate_ugc=false&federated_search_id=429cd7e0-b2cf-4e6d-9aa5-98dd33cac363
Goan Beach house on Anjuna Beach,"â‚¹4,274
/ night",4.91,2 guests Â· 1 bedroom Â· 2 beds Â· 1 bathroom,https://www.airbnb.co.in/rooms/20365953?previous_page_section_name=1000&translate_ugc=false&federated_search_id=429cd7e0-b2cf-4e6d-9aa5-98dd33cac363
Talpona Paradise Beach House,"â‚¹3,000
/ night",4.65,5 guests Â· 2 bedrooms Â· 3 beds Â· 2 bathrooms,https://www.airbnb.co.in/rooms/8590285?previous_page_section_name=1000&translate_ugc=false&federated_search_id=429cd7e0-b2cf-4e6d-9aa5-98dd33cac363
Snug Studio Space In Nerul With Infinity Pool,"â‚¹3,600
/ night",no rating,2 guests Â· Studio Â· 1 bed Â· 1.5 bathrooms,https://www.airbnb.co.in/rooms/40215092?previous_page_section_name=1000&translate_ugc=false&federated_search_id=429cd7e0-b2cf-4e6d-9aa5-98dd33cac363
â­1BHK Pool Facing Apartment Near Candolim Beachâ­,"â‚¹999
/ night",5.0,4 guests Â· 1 bedroom Â· 2 beds Â· 1 bathroom,https://www.airbnb.co.in/rooms/48126579?previous_page_section_name=1000&translate_ugc=false&federated_search_id=429cd7e0-b2cf-4e6d-9aa5-98dd33cac363
Studio Apartment w/ pool near Baga Beach north Goa,"â‚¹1,800
/ night",4.75,3 guests Â· Studio Â· 1 bed Â· 1 bathroom,https://www.airbnb.co.in/rooms/42193485?previous_page_section_name=1000&translate_ugc=false&federated_search_id=429cd7e0-b2cf-4e6d-9aa5-98dd33cac363
2Bhk House With wifi /open Terrace/ Kitchen ANJUNA,"â‚¹1,500
/ night",no rating,4 guests Â· 2 bedrooms Â· 2 beds Â· 1 bathroom,https://www.airbnb.co.in/rooms/49297798?previous_page_section_name=1000&translate_ugc=false&federated_search_id=429cd7e0-b2cf-4e6d-9aa5-98dd33cac363
Cherish Red Spinel De'Villa|1BR|Poetic Stay at Goa,"â‚¹1,356
/ night",4.80,2 guests Â· 1 bedroom Â· 1 bed Â· 1 bathroom,https://www.airbnb.co.in/rooms/48459440?previous_page_section_name=1000&translate_ugc=false&federated_search_id=429cd7e0-b2cf-4e6d-9aa5-98dd33cac363
Cozy Studio Apartment next to Candolim Beach,"â‚¹1,200
/ night",4.80,2 guests Â· Studio Â· 1 bed Â· 1 bathroom,https://www.airbnb.co.in/rooms/47011533?previous_page_section_name=1000&translate_ugc=false&federated_search_id=429cd7e0-b2cf-4e6d-9aa5-98dd33cac363
Spectrum hub studio Apartments beach side,"â‚¹850
/ night",5.0,2 guests Â· 1 bedroom Â· 1 bed Â· 1 bathroom,https://www.airbnb.co.in/rooms/47591157?previous_page_section_name=1000&translate_ugc=false&federated_search_id=429cd7e0-b2cf-4e6d-9aa5-98dd33cac363
"Beautiful Apartment in Paradise Canacona, SouthGoa","â‚¹999
/ night",4.77,4 guests Â· 1 bedroom Â· 2 beds Â· 1.5 bathrooms,https://www.airbnb.co.in/rooms/45831285?previous_page_section_name=1000&translate_ugc=false&federated_search_id=429cd7e0-b2cf-4e6d-9aa5-98dd33cac363
2BHK Uber Cool Apartment near Baga by Hottley,"â‚¹1,621
/ night",4.78,6 guests Â· 2 bedrooms Â· 2 beds Â· 2 bathrooms,https://www.airbnb.co.in/rooms/48536775?previous_page_section_name=1000&translate_ugc=false&federated_search_id=429cd7e0-b2cf-4e6d-9aa5-98dd33cac363
Luxurious 8 BHK Villa with a Private Pool,"â‚¹15,543
/ night",4.17,16 guests Â· 8 bedrooms Â· 8 beds Â· 8 bathrooms,https://www.airbnb.co.in/rooms/45526474?previous_page_section_name=1000&translate_ugc=false&federated_search_id=429cd7e0-b2cf-4e6d-9aa5-98dd33cac363
Luxurious brand new duplex - Siolim,"â‚¹6,900
/ night",5.0,6 guests Â· 2 bedrooms Â· 2 beds Â· 2 bathrooms,https://www.airbnb.co.in/rooms/46591745?previous_page_section_name=1000&translate_ugc=false&federated_search_id=429cd7e0-b2cf-4e6d-9aa5-98dd33cac363
Luxurious Apt Near Calangute Beach with Pool view,"â‚¹3,200
/ night",5.0,4 guests Â· 1 bedroom Â· 2 beds Â· 1 bathroom,https://www.airbnb.co.in/rooms/48497445?previous_page_section_name=1000&translate_ugc=false&federated_search_id=429cd7e0-b2cf-4e6d-9aa5-98dd33cac363
Cozy apartment in Arpora / Nagoa,"â‚¹3,200
/ night",4.43,4 guests Â· 1 bedroom Â· 1 bed Â· 1 bathroom,https://www.airbnb.co.in/rooms/1459219?previous_page_section_name=1000&translate_ugc=false&federated_search_id=429cd7e0-b2cf-4e6d-9aa5-98dd33cac363
North Goa Luxury Apartment near Candolim,"â‚¹3,000
/ night",4.71,5 guests Â· 1 bedroom Â· 2 beds Â· 1.5 bathrooms,https://www.airbnb.co.in/rooms/9537292?previous_page_section_name=1000&translate_ugc=false&federated_search_id=429cd7e0-b2cf-4e6d-9aa5-98dd33cac363
3 Bhk Luxurious Villa In Anjuna Near Thalassa,"â‚¹4,753
/ night",4.36,10 guests Â· 3 bedrooms Â· 3 beds Â· 4.5 bathrooms,https://www.airbnb.co.in/rooms/29623341?previous_page_section_name=1000&translate_ugc=false&federated_search_id=429cd7e0-b2cf-4e6d-9aa5-98dd33cac363
Awesome 1 BHK Apt Riviera Foothills Nr Baga,"â‚¹1,000
/ night",4.55,4 guests Â· 1 bedroom Â· 1 bed Â· 1 bathroom,https://www.airbnb.co.in/rooms/9869454?previous_page_section_name=1000&translate_ugc=false&federated_search_id=3793f4a3-6455-4f70-864b-b3c2f19f6cd6
Garden room in the heart of Calangute-Baga. Goa.,"â‚¹2,000
/ night",4.73,4 guests Â· 1 bedroom Â· 1 bed Â· 1 bathroom,https://www.airbnb.co.in/rooms/20206388?previous_page_section_name=1000&translate_ugc=false&federated_search_id=3793f4a3-6455-4f70-864b-b3c2f19f6cd6
2BHK2 Power Back-up AC WiFi Candolim Holiday Home,"â‚¹1,341
/ night",4.92,8 guests Â· 2 bedrooms Â· 2 beds Â· 2 bathrooms,https://www.airbnb.co.in/rooms/48087718?previous_page_section_name=1000&translate_ugc=false&federated_search_id=3793f4a3-6455-4f70-864b-b3c2f19f6cd6
Luxury 1BHK.PvtTerrace.Near Palolem Beach.AC.Wifi.,"â‚¹1,035
/ night",no rating,2 guests Â· 1 bedroom Â· 2 beds Â· 1.5 bathrooms,https://www.airbnb.co.in/rooms/48357592?previous_page_section_name=1000&translate_ugc=false&federated_search_id=3793f4a3-6455-4f70-864b-b3c2f19f6cd6
Dazzling 2 bedroom apartment with Strong WiFi,"â‚¹5,750
/ night",no rating,4 guests Â· 2 bedrooms Â· 2 beds Â· 2 bathrooms,https://www.airbnb.co.in/rooms/40546508?previous_page_section_name=1000&translate_ugc=false&federated_search_id=3793f4a3-6455-4f70-864b-b3c2f19f6cd6
Luxury - Sea cliff side cottage in South Goa,"â‚¹4,494
/ night",no rating,2 guests Â· 1 bedroom Â· 1 bed Â· 1 private bathroom,https://www.airbnb.co.in/rooms/22758932?previous_page_section_name=1000&translate_ugc=false&federated_search_id=3793f4a3-6455-4f70-864b-b3c2f19f6cd6
Cosy Studio Space In Nerul With Infinity Pool,"â‚¹3,990
/ night",3.50,2 guests Â· Studio Â· 1 bed Â· 1.5 bathrooms,https://www.airbnb.co.in/rooms/40144390?previous_page_section_name=1000&translate_ugc=false&federated_search_id=3793f4a3-6455-4f70-864b-b3c2f19f6cd6
"New Furnished Studio Apartment, Canacona-South Goa","â‚¹999
/ night",4.85,4 guests Â· 1 bedroom Â· 1 bed Â· 1 bathroom,https://www.airbnb.co.in/rooms/39287894?previous_page_section_name=1000&translate_ugc=false&federated_search_id=3793f4a3-6455-4f70-864b-b3c2f19f6cd6
Happy MorningsğŸŒ„,"â‚¹746
/ night",5.0,1 guest Â· 1 bedroom Â· 1 bed Â· 1 shared bathroom,https://www.airbnb.co.in/rooms/48439580?previous_page_section_name=1000&translate_ugc=false&federated_search_id=3793f4a3-6455-4f70-864b-b3c2f19f6cd6
CASA DE MARGEM 3BHK Riverfront Villa,"â‚¹7,000
/ night",no rating,6 guests Â· 3 bedrooms Â· 4 beds Â· 3 bathrooms,https://www.airbnb.co.in/rooms/45690609?previous_page_section_name=1000&translate_ugc=false&federated_search_id=3793f4a3-6455-4f70-864b-b3c2f19f6cd6
TBK beach villa |Private pool & jacuzzi | genset,"â‚¹15,429
/ night",no rating,9 guests Â· 3 bedrooms Â· 3 beds Â· 3.5 bathrooms,https://www.airbnb.co.in/rooms/47999243?previous_page_section_name=1000&translate_ugc=false&federated_search_id=3793f4a3-6455-4f70-864b-b3c2f19f6cd6
Quinta da Santana- Luxury Country Villa 1,"â‚¹3,200
/ night",4.90,2 guests Â· 1 bedroom Â· 1 bed Â· 1 bathroom,https://www.airbnb.co.in/rooms/15014611?previous_page_section_name=1000&translate_ugc=false&federated_search_id=3793f4a3-6455-4f70-864b-b3c2f19f6cd6
Opulent 1BHK With â­Wi-Fiâ­ Near Candolim BeachğŸ–,"â‚¹1,400
/ night",4.67,4 guests Â· 1 bedroom Â· 1 bed Â· 1 bathroom,https://www.airbnb.co.in/rooms/22413307?previous_page_section_name=1000&translate_ugc=false&federated_search_id=3793f4a3-6455-4f70-864b-b3c2f19f6cd6
SEA VIEW SUITE With Private Balcony DONA PAULA,"â‚¹2,218
/ night",3.90,4 guests Â· 1 bedroom Â· 1 bed Â· 1 private bathroom,https://www.airbnb.co.in/rooms/46184152?previous_page_section_name=1000&translate_ugc=false&federated_search_id=3793f4a3-6455-4f70-864b-b3c2f19f6cd6
"Rustic-Chic Villa with a Courtyard Pool, Surrounded by Palms","â‚¹10,713
/ night",4.94,10 guests Â· 3 bedrooms Â· 3 beds Â· 3 bathrooms,https://www.airbnb.co.in/rooms/plus/32118003?previous_page_section_name=1000&translate_ugc=false&federated_search_id=3793f4a3-6455-4f70-864b-b3c2f19f6cd6
Sol Avontade (VIII) -2BR Suite Villa With Pvt Pool,"â‚¹4,650
/ night",no rating,8 guests Â· 2 bedrooms Â· 2 beds Â· 2 bathrooms,https://www.airbnb.co.in/rooms/46096162?previous_page_section_name=1000&translate_ugc=false&federated_search_id=3793f4a3-6455-4f70-864b-b3c2f19f6cd6
Cute Riverside Cottage 2 mins to Morjim Beach,"â‚¹1,364
/ night",4.88,3 guests Â· 1 bedroom Â· 1 bed Â· 1 private bathroom,https://www.airbnb.co.in/rooms/47231624?previous_page_section_name=1000&translate_ugc=false&federated_search_id=3793f4a3-6455-4f70-864b-b3c2f19f6cd6
2 BR Apt Vagator | AC | Kitchen| Wifi| Common Pool,"â‚¹2,213
/ night",3.67,6 guests Â· 2 bedrooms Â· 3 beds Â· 2 bathrooms,https://www.airbnb.co.in/rooms/48735279?previous_page_section_name=1000&translate_ugc=false&federated_search_id=3793f4a3-6455-4f70-864b-b3c2f19f6cd6
"Comfy & Homely Rooms Free Breakfast, A/C, WiFi","â‚¹800
/ night",no rating,2 guests Â· 1 bedroom Â· 1 bed Â· 1 bathroom,https://www.airbnb.co.in/rooms/47203828?previous_page_section_name=1000&translate_ugc=false&federated_search_id=3793f4a3-6455-4f70-864b-b3c2f19f6cd6
1 Bedroom Furnished Apartment Closest to the Beach,"â‚¹1,563
/ night",4.53,2 guests Â· 1 bedroom Â· 2 beds Â· 1 bathroom,https://www.airbnb.co.in/rooms/30680021?previous_page_section_name=1000&translate_ugc=false&federated_search_id=3793f4a3-6455-4f70-864b-b3c2f19f6cd6
Open Terrace 2bhk house with hispeed wifi / Anjuna,"â‚¹1,460
/ night",4.60,4 guests Â· 2 bedrooms Â· 2 beds Â· 1 bathroom,https://www.airbnb.co.in/rooms/48072238?previous_page_section_name=1000&translate_ugc=false&federated_search_id=786421f0-077a-44be-b207-53278759516e
"Luxurious & Central | â™›King Bed, Views, Pool, Gym","â‚¹3,500
/ night",5.0,4 guests Â· 1 bedroom Â· 2 beds Â· 1 bathroom,https://www.airbnb.co.in/rooms/50057611?previous_page_section_name=1000&translate_ugc=false&federated_search_id=786421f0-077a-44be-b207-53278759516e
1BR Riverview w/WIFI&Kayaking on Talpona River,"â‚¹4,000
/ night",5.0,2 guests Â· 1 bedroom Â· 1 bed Â· 1.5 bathrooms,https://www.airbnb.co.in/rooms/46596726?previous_page_section_name=1000&translate_ugc=false&federated_search_id=786421f0-077a-44be-b207-53278759516e
Splendid 2bhk apartment closer to Candolim,"â‚¹5,750
/ night",4.57,4 guests Â· 2 bedrooms Â· 2 beds Â· 2 bathrooms,https://www.airbnb.co.in/rooms/47501120?previous_page_section_name=1000&translate_ugc=false&federated_search_id=786421f0-077a-44be-b207-53278759516e
Private Pool modern villa - 10min from beach,"â‚¹13,800
/ night",no rating,5 guests Â· 2 bedrooms Â· 3 beds Â· 2 bathrooms,https://www.airbnb.co.in/rooms/48293509?previous_page_section_name=1000&translate_ugc=false&federated_search_id=786421f0-077a-44be-b207-53278759516e
2 Bedrooms Designer Apartment | Pool View,"â‚¹4,999
/ night",5.0,5 guests Â· 2 bedrooms Â· 2 beds Â· 2 bathrooms,https://www.airbnb.co.in/rooms/45493964?previous_page_section_name=1000&translate_ugc=false&federated_search_id=786421f0-077a-44be-b207-53278759516e
Villa La Anila at luisa by the sea,"â‚¹4,000
/ night",4.92,4 guests Â· 2 bedrooms Â· 2 beds Â· 2 bathrooms,https://www.airbnb.co.in/rooms/37463823?previous_page_section_name=1000&translate_ugc=false&federated_search_id=dd1b139f-7a31-4053-9463-f12e956cc2a9
"Fully Furnished Studio Apart,Siolim","â‚¹1,400
/ night",4.70,3 guests Â· 1 bedroom Â· 1 bed Â· 1 bathroom,https://www.airbnb.co.in/rooms/10683847?previous_page_section_name=1000&translate_ugc=false&federated_search_id=dd1b139f-7a31-4053-9463-f12e956cc2a9
2BHK 3Bath 3AC Villa@Candolim WiFi+BackUp+WFH,"â‚¹4,123
/ night",no rating,8 guests Â· 2 bedrooms Â· 4 beds Â· 3 bathrooms,https://www.airbnb.co.in/rooms/50946071?previous_page_section_name=1000&translate_ugc=false&federated_search_id=dd1b139f-7a31-4053-9463-f12e956cc2a9
"A bright, airy 1BHK apartment near Benaulim beach","â‚¹1,342
/ night",4.33,3 guests Â· 1 bedroom Â· 1 bed Â· 1.5 bathrooms,https://www.airbnb.co.in/rooms/46869528?previous_page_section_name=1000&translate_ugc=false&federated_search_id=dd1b139f-7a31-4053-9463-f12e956cc2a9
Modern 1bhk - 10min drive from Candolim - pool,"â‚¹4,600
/ night",no rating,3 guests Â· 1 bedroom Â· 1 bed Â· 1 bathroom,https://www.airbnb.co.in/rooms/48138443?previous_page_section_name=1000&translate_ugc=false&federated_search_id=dd1b139f-7a31-4053-9463-f12e956cc2a9
"Abstract Suite, Art Themed Apt with Forest View & Swing","â‚¹3,393
/ night",4.95,3 guests Â· 1 bedroom Â· 2 beds Â· 1 bathroom,https://www.airbnb.co.in/rooms/plus/22777849?previous_page_section_name=1000&translate_ugc=false&federated_search_id=dd1b139f-7a31-4053-9463-f12e956cc2a9
2LUXURY FRONT SEA VIEW HUT WITH AC ON AGONDA BEACH,"â‚¹6,700
/ night",no rating,2 guests Â· Studio Â· 1 bed Â· 1 bathroom,https://www.airbnb.co.in/rooms/32676500?previous_page_section_name=1000&translate_ugc=false&federated_search_id=dd1b139f-7a31-4053-9463-f12e956cc2a9
Comfy 2 BHK - Walking distance from Anjuna Beach,"â‚¹4,642
/ night",5.0,5 guests Â· 2 bedrooms Â· 2 beds Â· 2 bathrooms,https://www.airbnb.co.in/rooms/42005249?previous_page_section_name=1000&translate_ugc=false&federated_search_id=dd1b139f-7a31-4053-9463-f12e956cc2a9
Johnnie's 1BHK premium apartments,"â‚¹2,000
/ night",4.69,4 guests Â· 1 bedroom Â· 1 bed Â· 1 bathroom,https://www.airbnb.co.in/rooms/17849253?previous_page_section_name=1000&translate_ugc=false&federated_search_id=dd1b139f-7a31-4053-9463-f12e956cc2a9
Johnnie's 2bhk Deluxe Apartments (Unit 2),"â‚¹2,099
/ night",4.68,6 guests Â· 2 bedrooms Â· 2 beds Â· 2 bathrooms,https://www.airbnb.co.in/rooms/20869097?previous_page_section_name=1000&translate_ugc=false&federated_search_id=dd1b139f-7a31-4053-9463-f12e956cc2a9
Cozy Apartment @ Riviera Foothills Arpora,"â‚¹1,503
/ night",4.60,4 guests Â· 1 bedroom Â· 1 bed Â· 1 bathroom,https://www.airbnb.co.in/rooms/672431?previous_page_section_name=1000&translate_ugc=false&federated_search_id=dd1b139f-7a31-4053-9463-f12e956cc2a9
Purple Martini Party Room 2| Sea View | Mykonos,"â‚¹2,899
/ night",no rating,2 guests Â· 1 bedroom Â· 1 bed Â· 1 private bathroom,https://www.airbnb.co.in/rooms/48434552?previous_page_section_name=1000&translate_ugc=false&federated_search_id=dd1b139f-7a31-4053-9463-f12e956cc2a9
2BHK apartment with fully functional kitchen,"â‚¹2,786
/ night",3.75,6 guests Â· 2 bedrooms Â· 2 beds Â· 2 bathrooms,https://www.airbnb.co.in/rooms/45050289?previous_page_section_name=1000&translate_ugc=false&federated_search_id=dd1b139f-7a31-4053-9463-f12e956cc2a9
Studio Apartment with Pool Candolim | Casa Stay,"â‚¹1,149
/ night",5.0,3 guests Â· Studio Â· 1 bed Â· 1 bathroom,https://www.airbnb.co.in/rooms/47976474?previous_page_section_name=1000&translate_ugc=false&federated_search_id=dd1b139f-7a31-4053-9463-f12e956cc2a9
Dona Karen - 1bhk Luxury apartment in Candolim - 2,"â‚¹1,274
/ night",3.56,4 guests Â· 1 bedroom Â· 1 bed Â· 1 bathroom,https://www.airbnb.co.in/rooms/47557492?previous_page_section_name=1000&translate_ugc=false&federated_search_id=dd1b139f-7a31-4053-9463-f12e956cc2a9
The Art Studio w forest view-perfect setup for WFH,"â‚¹3,350
/ night",4.88,3 guests Â· 1 bedroom Â· 2 beds Â· 1 bathroom,https://www.airbnb.co.in/rooms/46080936?previous_page_section_name=1000&translate_ugc=false&federated_search_id=dd1b139f-7a31-4053-9463-f12e956cc2a9
Luxurious 3BHK Villa with a Pool near Candolim,"â‚¹9,714
/ night",4.50,8 guests Â· 3 bedrooms Â· 5 beds Â· 3 bathrooms,https://www.airbnb.co.in/rooms/45551091?previous_page_section_name=1000&translate_ugc=false&federated_search_id=dd1b139f-7a31-4053-9463-f12e956cc2a9
Calangutebeachhouse having private beach access,"â‚¹1,185
/ night",5.0,2 guests Â· 1 bedroom Â· 1 bed Â· 1 bathroom,https://www.airbnb.co.in/rooms/38586817?previous_page_section_name=1000&translate_ugc=false&federated_search_id=dd1b139f-7a31-4053-9463-f12e956cc2a9
Hightide by Visit Goa,"â‚¹2,800
/ night",4.86,6 guests Â· 2 bedrooms Â· 2 beds Â· 2 bathrooms,https://www.airbnb.co.in/rooms/46028841?previous_page_section_name=1000&translate_ugc=false&federated_search_id=dd1b139f-7a31-4053-9463-f12e956cc2a9
Pond View Room for Working Vacation,"â‚¹2,266
/ night",4.75,2 guests Â· 1 bedroom Â· 1 bed Â· 1 bathroom,https://www.airbnb.co.in/rooms/30357434?previous_page_section_name=1000&translate_ugc=false&federated_search_id=dd1b139f-7a31-4053-9463-f12e956cc2a9
2 Bhk apartment with terrace in siolim,"â‚¹6,900
/ night",4.75,6 guests Â· 2 bedrooms Â· 2 beds Â· 2 bathrooms,https://www.airbnb.co.in/rooms/47379754?previous_page_section_name=1000&translate_ugc=false&federated_search_id=2b1a2da6-283e-411c-9fc4-4d6db221d42c
2 Cute Riverside Cottages 2 Mins to Morjim Beach,"â‚¹2,729
/ night",4.92,6 guests Â· 2 bedrooms Â· 2 beds Â· 2 bathrooms,https://www.airbnb.co.in/rooms/47741368?previous_page_section_name=1000&translate_ugc=false&federated_search_id=2b1a2da6-283e-411c-9fc4-4d6db221d42c
1BHK-5 WiFi/AC/ Backup/Pool 5min to Candolim Beach,"â‚¹998
/ night",no rating,4 guests Â· 1 bedroom Â· 1 bed Â· 1 bathroom,https://www.airbnb.co.in/rooms/50817087?previous_page_section_name=1000&translate_ugc=false&federated_search_id=2b1a2da6-283e-411c-9fc4-4d6db221d42c
Quinta da Santana- Luxury Country Villa 2,"â‚¹3,200
/ night",4.91,2 guests Â· 1 bedroom Â· 1 bed Â· 1 bathroom,https://www.airbnb.co.in/rooms/15075865?previous_page_section_name=1000&translate_ugc=false&federated_search_id=2b1a2da6-283e-411c-9fc4-4d6db221d42c
Peaceful holiday stay in north Goa,"â‚¹1,750
/ night",4.70,2 guests Â· 1 bedroom Â· 2 beds Â· 1 bathroom,https://www.airbnb.co.in/rooms/47574254?previous_page_section_name=1000&translate_ugc=false&federated_search_id=2b1a2da6-283e-411c-9fc4-4d6db221d42c
Airy one bedroom apartment with a pool,"â‚¹1,500
/ night",no rating,2 guests Â· 1 bedroom Â· 1 bed Â· 1 bathroom,https://www.airbnb.co.in/rooms/49003793?previous_page_section_name=1000&translate_ugc=false&federated_search_id=2b1a2da6-283e-411c-9fc4-4d6db221d42c
Goa Cottages Agonda - Seaview Cottage with AC,"â‚¹6,800
/ night",4.89,2 guests Â· 1 bedroom Â· 1 bed Â· 1 bathroom,https://www.airbnb.co.in/rooms/39327758?previous_page_section_name=1000&translate_ugc=false&federated_search_id=389e1de3-f9a3-4edb-b76a-cdf37f38b0b8
Morjim River Villa,"â‚¹6,300
/ night",4.98,4 guests Â· 1 bedroom Â· 1 bed Â· 1 bathroom,https://www.airbnb.co.in/rooms/16637825?previous_page_section_name=1000&translate_ugc=false&federated_search_id=389e1de3-f9a3-4edb-b76a-cdf37f38b0b8
"Bamboo Beach Bungalow with Pool, Yoga Shala & Spa","â‚¹4,500
/ night",4.33,2 guests Â· 1 bedroom Â· 2 beds Â· 1 bathroom,https://www.airbnb.co.in/rooms/32675337?previous_page_section_name=1000&translate_ugc=false&federated_search_id=389e1de3-f9a3-4edb-b76a-cdf37f38b0b8
Heartfull Home Cozy 1 BHK Pool View RIVIERA,"â‚¹1,499
/ night",4.35,4 guests Â· 1 bedroom Â· 2 beds Â· 1 bathroom,https://www.airbnb.co.in/rooms/38681179?previous_page_section_name=1000&translate_ugc=false&federated_search_id=389e1de3-f9a3-4edb-b76a-cdf37f38b0b8
2BHK in a Beachside ResortğŸ–ï¸#WorkationğŸ‘¨â€ğŸ’»,"â‚¹3,200
/ night",no rating,4 guests Â· 2 bedrooms Â· 2 beds Â· 2 bathrooms,https://www.airbnb.co.in/rooms/50907039?previous_page_section_name=1000&translate_ugc=false&federated_search_id=389e1de3-f9a3-4edb-b76a-cdf37f38b0b8
Portuguese Villa with PRIVATE POOL in North Goa,"â‚¹9,990
/ night",4.54,10 guests Â· 5 bedrooms Â· 5 beds Â· 5 bathrooms,https://www.airbnb.co.in/rooms/2773033?previous_page_section_name=1000&translate_ugc=false&federated_search_id=389e1de3-f9a3-4edb-b76a-cdf37f38b0b8
Luxury 2BR Villa with Pool & Garden & Sunrise view,"â‚¹7,650
/ night",5.0,6 guests Â· 2 bedrooms Â· 4 beds Â· 2 bathrooms,https://www.airbnb.co.in/rooms/47968934?previous_page_section_name=1000&translate_ugc=false&federated_search_id=bfc26261-fd96-486f-98ba-3e369842bc83
Brand new private pool villa -9min Vagator beach,"â‚¹13,800
/ night",no rating,5 guests Â· 2 bedrooms Â· 3 beds Â· 2 bathrooms,https://www.airbnb.co.in/rooms/48116940?previous_page_section_name=1000&translate_ugc=false&federated_search_id=bfc26261-fd96-486f-98ba-3e369842bc83
Pindari Palms,"â‚¹2,500
/ night",4.83,4 guests Â· 2 bedrooms Â· 3 beds Â· 2 bathrooms,https://www.airbnb.co.in/rooms/33482593?previous_page_section_name=1000&translate_ugc=false&federated_search_id=bfc26261-fd96-486f-98ba-3e369842bc83
Woodstone Camelot Home,"â‚¹2,352
/ night",4.84,3 guests Â· 1 bedroom Â· 2 beds Â· 1 bathroom,https://www.airbnb.co.in/rooms/27048671?previous_page_section_name=1000&translate_ugc=false&federated_search_id=bfc26261-fd96-486f-98ba-3e369842bc83
ğŸ1BHK Flat In Candolim Near Beach With Wi-FiğŸ,"â‚¹1,314
/ night",4.69,4 guests Â· 1 bedroom Â· 1 bed Â· 1 bathroom,https://www.airbnb.co.in/rooms/23314367?previous_page_section_name=1000&translate_ugc=false&federated_search_id=bfc26261-fd96-486f-98ba-3e369842bc83
207 Flamingo by Nirvana Abode - Luxury Studio,"â‚¹1,113
/ night",5.0,3 guests Â· Studio Â· 1 bed Â· 1 bathroom,https://www.airbnb.co.in/rooms/48431142?previous_page_section_name=1000&translate_ugc=false&federated_search_id=bfc26261-fd96-486f-98ba-3e369842bc83
Premium Studio Space In Nerul With Infinity Pool,"â‚¹3,601
/ night",no rating,2 guests Â· Studio Â· 1 bed Â· 1.5 bathrooms,https://www.airbnb.co.in/rooms/40384873?previous_page_section_name=1000&translate_ugc=false&federated_search_id=bfc26261-fd96-486f-98ba-3e369842bc83
Sanitised! Coastal Reef| Fully Serviced |Pvt Pool,"â‚¹17,000
/ night",4.85,7 guests Â· 3 bedrooms Â· 3 beds Â· 4 bathrooms,https://www.airbnb.co.in/rooms/40408051?previous_page_section_name=1000&translate_ugc=false&federated_search_id=bfc26261-fd96-486f-98ba-3e369842bc83
Sea view rooms in Candolim ~Footsteps to the sand,"â‚¹2,500
/ night",5.0,2 guests Â· 4 bedrooms Â· 4 beds Â· 4 bathrooms,https://www.airbnb.co.in/rooms/47738255?previous_page_section_name=1000&translate_ugc=false&federated_search_id=bfc26261-fd96-486f-98ba-3e369842bc83
Incredible 1 BR Apartment overlooking the nature,"â‚¹2,250
/ night",4.86,3 guests Â· 1 bedroom Â· 1 bed Â· 2 bathrooms,https://www.airbnb.co.in/rooms/21606104?previous_page_section_name=1000&translate_ugc=false&federated_search_id=bfc26261-fd96-486f-98ba-3e369842bc83
VILLA TIMEOUT 72(2bhk)with fast speed internet,"â‚¹2,940
/ night",4.81,6 guests Â· 2 bedrooms Â· 2 beds Â· 2 bathrooms,https://www.airbnb.co.in/rooms/22558478?previous_page_section_name=1000&translate_ugc=false&federated_search_id=bfc26261-fd96-486f-98ba-3e369842bc83
1 BHK Spacious Apartment Pool Games Hookah nr Baga,"â‚¹800
/ night",no rating,4 guests Â· 1 bedroom Â· 1 bed Â· 1 bathroom,https://www.airbnb.co.in/rooms/50334458?previous_page_section_name=1000&translate_ugc=false&federated_search_id=bfc26261-fd96-486f-98ba-3e369842bc83
Passions de Goa,"â‚¹2,029
/ night",4.27,2 guests Â· 1 bedroom Â· 1 bed Â· 1 bathroom,https://www.airbnb.co.in/rooms/39829667?previous_page_section_name=1000&translate_ugc=false&federated_search_id=bfc26261-fd96-486f-98ba-3e369842bc83
The Jacuzzi Suite,"â‚¹3,300
/ night",4.90,2 guests Â· 1 bedroom Â· 1 bed Â· 1 bathroom,https://www.airbnb.co.in/rooms/45921975?previous_page_section_name=1000&translate_ugc=false&federated_search_id=bfc26261-fd96-486f-98ba-3e369842bc83
Luxurious & Comfortable 1BHK nr Calangute Beach,"â‚¹1,987
/ night",4.71,4 guests Â· 1 bedroom Â· 1 bed Â· 1.5 bathrooms,https://www.airbnb.co.in/rooms/42118102?previous_page_section_name=1000&translate_ugc=false&federated_search_id=bfc26261-fd96-486f-98ba-3e369842bc83
Unique 2BHK Apartment with inverter backup,"â‚¹5,750
/ night",no rating,6 guests Â· 2 bedrooms Â· 2 beds Â· 2 bathrooms,https://www.airbnb.co.in/rooms/45373650?previous_page_section_name=1000&translate_ugc=false&federated_search_id=bfc26261-fd96-486f-98ba-3e369842bc83
Calissa at Calangute - your perfect getaway,"â‚¹2,693
/ night",4.71,4 guests Â· 1 bedroom Â· 2 beds Â· 1.5 bathrooms,https://www.airbnb.co.in/rooms/46992344?previous_page_section_name=1000&translate_ugc=false&federated_search_id=bfc26261-fd96-486f-98ba-3e369842bc83
Luxurious 4BHK Villa with a Pool near Candolim,"â‚¹13,599
/ night",4.60,10 guests Â· 4 bedrooms Â· 6 beds Â· 4 bathrooms,https://www.airbnb.co.in/rooms/45551384?previous_page_section_name=1000&translate_ugc=false&federated_search_id=bfc26261-fd96-486f-98ba-3e369842bc83
LA QUINTA@PLACE LIKE YOUR HOME,"â‚¹1,770
/ night",4.48,5 guests Â· 1 bedroom Â· 2 beds Â· 1 bathroom,https://www.airbnb.co.in/rooms/26615962?previous_page_section_name=1000&translate_ugc=false&federated_search_id=bfc26261-fd96-486f-98ba-3e369842bc83
Studio â€˜Calor Felizâ€™ a warm & happy studio stay,"â‚¹1,100
/ night",4.69,2 guests Â· 1 bedroom Â· 1 bed Â· 1 bathroom,https://www.airbnb.co.in/rooms/23100722?previous_page_section_name=1000&translate_ugc=false&federated_search_id=bfc26261-fd96-486f-98ba-3e369842bc83
Candolim beach-250m 4BHK Luxury AC Wi-Fi Villa,"â‚¹4,362
/ night",4.85,16 guests Â· 4 bedrooms Â· 5 beds Â· 3 bathrooms,https://www.airbnb.co.in/rooms/42548621?previous_page_section_name=1000&translate_ugc=false&federated_search_id=6c30f04e-4537-4805-8959-933bbebec7bd
The Beach Villa Goa,"â‚¹12,143
/ night",4.74,6 guests Â· 2 bedrooms Â· 5 beds Â· 1 bathroom,https://www.airbnb.co.in/rooms/46324353?previous_page_section_name=1000&translate_ugc=false&federated_search_id=6c30f04e-4537-4805-8959-933bbebec7bd
Casa Candolina - 'Your Home Away From Home!',"â‚¹2,000
/ night",4.96,6 guests Â· 2 bedrooms Â· 3 beds Â· 2 bathrooms,https://www.airbnb.co.in/rooms/29350606?previous_page_section_name=1000&translate_ugc=false&federated_search_id=6c30f04e-4537-4805-8959-933bbebec7bd
Frangipani Room - Calangute,"â‚¹1,500
/ night",4.81,2 guests Â· 1 bedroom Â· 1 bed Â· 1.5 bathrooms,https://www.airbnb.co.in/rooms/15627261?previous_page_section_name=1000&translate_ugc=false&federated_search_id=6c30f04e-4537-4805-8959-933bbebec7bd
2BHK Luxe-Comfy Apartment close to Baga by Hottley,"â‚¹1,950
/ night",5.0,6 guests Â· 2 bedrooms Â· 2 beds Â· 2 bathrooms,https://www.airbnb.co.in/rooms/48394574?previous_page_section_name=1000&translate_ugc=false&federated_search_id=6c30f04e-4537-4805-8959-933bbebec7bd
Pond Side Room for Working Vacation,"â‚¹2,268
/ night",4.81,2 guests Â· 1 bedroom Â· 1 bed Â· 1 bathroom,https://www.airbnb.co.in/rooms/31865698?previous_page_section_name=1000&translate_ugc=false&federated_search_id=6c30f04e-4537-4805-8959-933bbebec7bd
"BOHO-CHIC room with BALCONY , mountain view & wifi","â‚¹1,200
/ night",4.75,3 guests Â· 1 bedroom Â· 1 bed Â· 1 private bathroom,https://www.airbnb.co.in/rooms/47147199?previous_page_section_name=1000&translate_ugc=false&federated_search_id=667e0d89-14ce-40aa-846c-3dd454afa7f8
A3 Comfort Stay . 2bhk flat swimming pool facing,"â‚¹2,500
/ night",4.92,6 guests Â· 2 bedrooms Â· 3 beds Â· 2 bathrooms,https://www.airbnb.co.in/rooms/47332261?previous_page_section_name=1000&translate_ugc=false&federated_search_id=667e0d89-14ce-40aa-846c-3dd454afa7f8
"#Uniquestays - 1BHK admist ""Ocean and River""ğŸ–ï¸","â‚¹1,999
/ night",no rating,3 guests Â· 1 bedroom Â· 1 bed Â· 1 bathroom,https://www.airbnb.co.in/rooms/50944851?previous_page_section_name=1000&translate_ugc=false&federated_search_id=667e0d89-14ce-40aa-846c-3dd454afa7f8
SEA VIEW ROOM 2 With A Private Balcony DONA PAULA,"â‚¹1,710
/ night",4.45,3 guests Â· 1 bedroom Â· 1 bed Â· 1 private bathroom,https://www.airbnb.co.in/rooms/46182943?previous_page_section_name=1000&translate_ugc=false&federated_search_id=667e0d89-14ce-40aa-846c-3dd454afa7f8
02 Dove by Nirvana Abode - Eco 1BHK - Benaulim Goa,"â‚¹999
/ night",no rating,3 guests Â· 1 bedroom Â· 1 bed Â· 1 bathroom,https://www.airbnb.co.in/rooms/50766501?previous_page_section_name=1000&translate_ugc=false&federated_search_id=667e0d89-14ce-40aa-846c-3dd454afa7f8
luxurious and comfortable 1bhkğŸ  @CalanguteğŸ–,"â‚¹2,000
/ night",4.53,4 guests Â· 1 bedroom Â· 1 bed Â· 1.5 bathrooms,https://www.airbnb.co.in/rooms/41041605?previous_page_section_name=1000&translate_ugc=false&federated_search_id=667e0d89-14ce-40aa-846c-3dd454afa7f8
Luxurious Apartment with a Pool near Candolim,"â‚¹2,429
/ night",4.85,4 guests Â· 1 bedroom Â· 2 beds Â· 1 bathroom,https://www.airbnb.co.in/rooms/46187892?previous_page_section_name=1000&translate_ugc=false&federated_search_id=667e0d89-14ce-40aa-846c-3dd454afa7f8
04 Flamingo by Nirvana Abode-Eco Studio-South Goa,"â‚¹999
/ night",no rating,3 guests Â· Studio Â· 1 bed Â· 1 bathroom,https://www.airbnb.co.in/rooms/50763375?previous_page_section_name=1000&translate_ugc=false&federated_search_id=667e0d89-14ce-40aa-846c-3dd454afa7f8
Luxurious 3BHK Villa With a Caretaker in Baga,"â‚¹9,571
/ night",4.59,9 guests Â· 3 bedrooms Â· 6 beds Â· 3 bathrooms,https://www.airbnb.co.in/rooms/27590279?previous_page_section_name=1000&translate_ugc=false&federated_search_id=667e0d89-14ce-40aa-846c-3dd454afa7f8
Cosy Studio with a Terrace and a View,"â‚¹1,700
/ night",4.83,1 guest Â· Studio Â· 1 bed Â· 1 bathroom,https://www.airbnb.co.in/rooms/33124851?previous_page_section_name=1000&translate_ugc=false&federated_search_id=667e0d89-14ce-40aa-846c-3dd454afa7f8
VILLA CASA DE FERIAS,"â‚¹2,800
/ night",4.89,6 guests Â· 3 bedrooms Â· 4 beds Â· 3 bathrooms,https://www.airbnb.co.in/rooms/36045239?previous_page_section_name=1000&translate_ugc=false&federated_search_id=667e0d89-14ce-40aa-846c-3dd454afa7f8
Nihal's Hideout - 1 BHK attic house with a view,"â‚¹1,200
/ night",4.51,6 guests Â· 1 bedroom Â· 5 beds Â· 1 bathroom,https://www.airbnb.co.in/rooms/21831065?previous_page_section_name=1000&translate_ugc=false&federated_search_id=667e0d89-14ce-40aa-846c-3dd454afa7f8
BF1 Â· Onastay at Candolim Manolita One Bedroom Poolview,"â‚¹3,000
/ night",4.75,4 guests Â· 1 bedroom Â· 4 beds Â· 2 bathrooms,https://www.airbnb.co.in/rooms/38636928?previous_page_section_name=1000&translate_ugc=false&federated_search_id=667e0d89-14ce-40aa-846c-3dd454afa7f8
TRANQUIL HAVEN | Pool â€¢ Pvt. Garden | Siolim â€¢ Goa,"â‚¹7,928
/ night",4.95,6 guests Â· 2 bedrooms Â· 2 beds Â· 2 bathrooms,https://www.airbnb.co.in/rooms/26653077?previous_page_section_name=1000&translate_ugc=false&federated_search_id=667e0d89-14ce-40aa-846c-3dd454afa7f8
Cozy studio with Kitchenette with free Wifi,"â‚¹740
/ night",4.56,2 guests Â· 1 bedroom Â· 1 bed Â· 1 bathroom,https://www.airbnb.co.in/rooms/41471309?previous_page_section_name=1000&translate_ugc=false&federated_search_id=667e0d89-14ce-40aa-846c-3dd454afa7f8
2 Bedrooms | Plush Apartment | Swimming Pool,"â‚¹5,085
/ night",5.0,5 guests Â· 2 bedrooms Â· 2 beds Â· 2 bathrooms,https://www.airbnb.co.in/rooms/47973374?previous_page_section_name=1000&translate_ugc=false&federated_search_id=667e0d89-14ce-40aa-846c-3dd454afa7f8
Exotic 3bhk Duplex Apartment with Private pool B2,"â‚¹9,500
/ night",4.81,8 guests Â· 3 bedrooms Â· 3 beds Â· 3 bathrooms,https://www.airbnb.co.in/rooms/45696268?previous_page_section_name=1000&translate_ugc=false&federated_search_id=667e0d89-14ce-40aa-846c-3dd454afa7f8
Brand new garden themed apartment Siolim,"â‚¹6,900
/ night",4.25,6 guests Â· 2 bedrooms Â· 2 beds Â· 2 bathrooms,https://www.airbnb.co.in/rooms/46499170?previous_page_section_name=1000&translate_ugc=false&federated_search_id=667e0d89-14ce-40aa-846c-3dd454afa7f8
Gorgeous high end 2 bedroom apartment with garden,"â‚¹3,950
/ night",4.38,4 guests Â· 2 bedrooms Â· 2 beds Â· 2 bathrooms,https://www.airbnb.co.in/rooms/36186107?previous_page_section_name=1000&translate_ugc=false&federated_search_id=667e0d89-14ce-40aa-846c-3dd454afa7f8
Luxury 2BHK.PvtTerrace.Near Palolem Beach.AC.Wifi,"â‚¹1,599
/ night",no rating,4 guests Â· 2 bedrooms Â· 2 beds Â· 2 bathrooms,https://www.airbnb.co.in/rooms/48655993?previous_page_section_name=1000&translate_ugc=false&federated_search_id=667e0d89-14ce-40aa-846c-3dd454afa7f8
"W4 - Chic, modern, Art Deco 3BHK apartment","â‚¹3,000
/ night",4.86,5 guests Â· 3 bedrooms Â· 3 beds Â· 4.5 bathrooms,https://www.airbnb.co.in/rooms/46821024?previous_page_section_name=1000&translate_ugc=false&federated_search_id=292d5101-bcc1-4ed6-a85a-febf9875678e
Casa Paloma - 2bhk furnished apartment in Panaji,"â‚¹1,450
/ night",4.66,4 guests Â· 2 bedrooms Â· 2 beds Â· 2 bathrooms,https://www.airbnb.co.in/rooms/29767793?previous_page_section_name=1000&translate_ugc=false&federated_search_id=292d5101-bcc1-4ed6-a85a-febf9875678e
"S4 - Elegant, bright, pool-view villa, South Goa","â‚¹3,000
/ night",4.67,5 guests Â· 3 bedrooms Â· 3 beds Â· 3 bathrooms,https://www.airbnb.co.in/rooms/46339440?previous_page_section_name=1000&translate_ugc=false&federated_search_id=292d5101-bcc1-4ed6-a85a-febf9875678e
"AC,TV,WiFi, 1st Floor ,Tanya RiverSide 2BHK, 2WR","â‚¹1,000
/ night",5.0,5 guests Â· 2 bedrooms Â· 3 beds Â· 2 bathrooms,https://www.airbnb.co.in/rooms/40646088?previous_page_section_name=1000&translate_ugc=false&federated_search_id=292d5101-bcc1-4ed6-a85a-febf9875678e
2 BHK Apartment | Wifi | AC | TV | Common Pool,"â‚¹1,928
/ night",4.75,6 guests Â· 2 bedrooms Â· 2 beds Â· 2 bathrooms,https://www.airbnb.co.in/rooms/46447567?previous_page_section_name=1000&translate_ugc=false&federated_search_id=292d5101-bcc1-4ed6-a85a-febf9875678e
"BLISSFUL Mountain view STUDIO, PALOLEM, SOUTH GOA.","â‚¹1,345
/ night",4.91,3 guests Â· 1 bedroom Â· 2 beds Â· 1 bathroom,https://www.airbnb.co.in/rooms/22499284?previous_page_section_name=1000&translate_ugc=false&federated_search_id=292d5101-bcc1-4ed6-a85a-febf9875678e
